{"list":[{"prefabPath":"Prefabs/Instantiating Objects/school","transformData":{"posX":-1916.4385986328125,"posY":0.0,"posZ":-660.7985229492188,"rotX":0.0,"rotY":260.9623718261719,"rotZ":359.8469543457031,"scaleX":0.5,"scaleY":0.5,"scaleZ":0.5}},{"prefabPath":"Prefabs/Instantiating Objects/school","transformData":{"posX":-1908.73486328125,"posY":0.0,"posZ":-510.57550048828127,"rotX":0.0,"rotY":350.3742980957031,"rotZ":359.8632507324219,"scaleX":0.5,"scaleY":0.5,"scaleZ":0.5}}]}